{
  "$schema": "https://developer.microsoft.com/json-schemas/fabric/item/report/definition/visualContainer/2.2.0/schema.json",
  "name": "ddae55c4dc80a709370a",
  "position": {
    "x": 717.83217698651652,
    "y": 0,
    "z": 1000,
    "height": 279.89422699306192,
    "width": 279.89422699306192,
    "tabOrder": 1000
  },
  "visual": {
    "visualType": "card",
    "query": {
      "queryState": {
        "Values": {
          "projections": [
            {
              "field": {
                "Measure": {
                  "Expression": {
                    "SourceRef": {
                      "Entity": "Revenue & Ticket Sales"
                    }
                  },
                  "Property": "Total Revenue"
                }
              },
              "queryRef": "Revenue & Ticket Sales.Total Revenue",
              "nativeQueryRef": "Total Revenue"
            }
          ]
        }
      },
      "sortDefinition": {
        "sort": [
          {
            "field": {
              "Measure": {
                "Expression": {
                  "SourceRef": {
                    "Entity": "Revenue & Ticket Sales"
                  }
                },
                "Property": "Total Revenue"
              }
            },
            "direction": "Descending"
          }
        ],
        "isDefaultSort": true
      }
    },
    "drillFilterOtherVisuals": true
  }
}