{
  "$schema": "https://developer.microsoft.com/json-schemas/fabric/item/report/definition/visualContainer/2.2.0/schema.json",
  "name": "35c9c8a6e06200060c1c",
  "position": {
    "x": 10,
    "y": 0,
    "z": 0,
    "height": 280,
    "width": 280
  },
  "visual": {
    "visualType": "card",
    "query": {
      "queryState": {
        "Values": {
          "projections": [
            {
              "field": {
                "Measure": {
                  "Expression": {
                    "SourceRef": {
                      "Entity": "Date & Growth Analysis"
                    }
                  },
                  "Property": "Revenue YTD"
                }
              },
              "queryRef": "Date & Growth Analysis.Revenue YTD",
              "nativeQueryRef": "Revenue YTD"
            }
          ]
        }
      },
      "sortDefinition": {
        "sort": [
          {
            "field": {
              "Measure": {
                "Expression": {
                  "SourceRef": {
                    "Entity": "Date & Growth Analysis"
                  }
                },
                "Property": "Revenue YTD"
              }
            },
            "direction": "Descending"
          }
        ],
        "isDefaultSort": true
      }
    },
    "drillFilterOtherVisuals": true
  }
}