{
  "$schema": "https://developer.microsoft.com/json-schemas/fabric/item/report/definition/visualContainer/2.2.0/schema.json",
  "name": "b3ffc5457e1e5cee03a6",
  "position": {
    "x": 306.43592093205916,
    "y": 9.6515250687262721,
    "z": 2000,
    "height": 279.89422699306192,
    "width": 279.89422699306192,
    "tabOrder": 2000
  },
  "visual": {
    "visualType": "card",
    "query": {
      "queryState": {
        "Values": {
          "projections": [
            {
              "field": {
                "Measure": {
                  "Expression": {
                    "SourceRef": {
                      "Entity": "Date & Growth Analysis"
                    }
                  },
                  "Property": "Avg Daily Revenue"
                }
              },
              "queryRef": "Date & Growth Analysis.Avg Daily Revenue",
              "nativeQueryRef": "Avg Daily Revenue"
            }
          ]
        }
      },
      "sortDefinition": {
        "sort": [
          {
            "field": {
              "Measure": {
                "Expression": {
                  "SourceRef": {
                    "Entity": "Date & Growth Analysis"
                  }
                },
                "Property": "Avg Daily Revenue"
              }
            },
            "direction": "Descending"
          }
        ],
        "isDefaultSort": true
      }
    },
    "drillFilterOtherVisuals": true
  }
}