{
  "$schema": "https://developer.microsoft.com/json-schemas/fabric/item/report/definition/visualContainer/2.2.0/schema.json",
  "name": "59f40f9e409be7799b65",
  "position": {
    "x": 289.54575206178816,
    "y": 289.54575206178816,
    "z": 4000,
    "height": 215.95287341275034,
    "width": 311.26168346642231,
    "tabOrder": 4000
  },
  "visual": {
    "visualType": "card",
    "query": {
      "queryState": {
        "Values": {
          "projections": [
            {
              "field": {
                "Measure": {
                  "Expression": {
                    "SourceRef": {
                      "Entity": "Date & Growth Analysis"
                    }
                  },
                  "Property": "Revenue vs First Month %"
                }
              },
              "queryRef": "Date & Growth Analysis.Revenue vs First Month %",
              "nativeQueryRef": "Revenue vs First Month %"
            }
          ]
        }
      },
      "sortDefinition": {
        "sort": [
          {
            "field": {
              "Measure": {
                "Expression": {
                  "SourceRef": {
                    "Entity": "Date & Growth Analysis"
                  }
                },
                "Property": "Revenue vs First Month %"
              }
            },
            "direction": "Descending"
          }
        ],
        "isDefaultSort": true
      }
    },
    "drillFilterOtherVisuals": true
  }
}