{
  "version": "1.1.0",
  "diagrams": [
    {
      "ordinal": 0,
      "scrollPosition": {
        "x": 956.25,
        "y": 392.49999523162842
      },
      "nodes": [
        {
          "location": {
            "x": 50,
            "y": 745.84906695903453
          },
          "nodeIndex": "Dim_Arrival",
          "nodeLineageTag": "d9797e13-3af7-410b-8084-181e6a98be11",
          "size": {
            "height": 128,
            "width": 234
          },
          "zIndex": 1
        },
        {
          "location": {
            "x": 1161.4875670158647,
            "y": 563.93950305955786
          },
          "nodeIndex": "Dim_Calender",
          "nodeLineageTag": "3e9e5d53-341a-4cfe-82f5-7b305a7bfa27",
          "size": {
            "height": 256.9075556985789,
            "width": 234
          },
          "zIndex": 10
        },
        {
          "location": {
            "x": 508.1144398503792,
            "y": 1112.723001280965
          },
          "nodeIndex": "Dim_Delay",
          "nodeLineageTag": "bf2f5251-4e61-4999-9b44-50601ae7303a",
          "size": {
            "height": 128,
            "width": 234
          },
          "zIndex": 9
        },
        {
          "location": {
            "x": 360.36253987431678,
            "y": 807.08987994194774
          },
          "nodeIndex": "Dim_Departure",
          "nodeLineageTag": "5d4b8f24-0f7a-400f-81d2-42f120d0fd5e",
          "size": {
            "height": 128,
            "width": 234
          },
          "zIndex": 2
        },
        {
          "location": {
            "x": 625.03727351282907,
            "y": 819.89823042119826
          },
          "nodeIndex": "Dim_Payment",
          "nodeLineageTag": "8f83a086-c4fb-4e9f-97f3-2bafe5752ccc",
          "size": {
            "height": 128,
            "width": 234
          },
          "zIndex": 3
        },
        {
          "location": {
            "x": 933.72451003007518,
            "y": 412.71820561385721
          },
          "nodeIndex": "Dim_Purchase",
          "nodeLineageTag": "14b87f61-9852-4a27-884d-899984875513",
          "size": {
            "height": 128,
            "width": 234
          },
          "zIndex": 4
        },
        {
          "location": {
            "x": 331.78550302551776,
            "y": 511.280178031014
          },
          "nodeIndex": "Dim_Railcard",
          "nodeLineageTag": "00478045-d603-4046-92b1-5f38e959a9a2",
          "size": {
            "height": 152,
            "width": 234
          },
          "zIndex": 5
        },
        {
          "location": {
            "x": 1379.2650091733965,
            "y": 1095.5935757167795
          },
          "nodeIndex": "Dim_Status",
          "nodeLineageTag": "7ff6d8c8-d116-47f7-9f0b-fa54f31a0638",
          "size": {
            "height": 128,
            "width": 234
          },
          "zIndex": 6
        },
        {
          "location": {
            "x": 1443.9308992765225,
            "y": 726.87639359321554
          },
          "nodeIndex": "Dim_Ticket",
          "nodeLineageTag": "cbaa3f59-b1ae-4911-8d61-9ad66883baf3",
          "size": {
            "height": 152,
            "width": 234
          },
          "zIndex": 7
        },
        {
          "location": {
            "x": 931.77481520923334,
            "y": 888.18822505781134
          },
          "nodeIndex": "Fact_Transaction",
          "nodeLineageTag": "df417e1c-8ae5-4075-b124-7e19c3128430",
          "size": {
            "height": 300,
            "width": 234
          },
          "zIndex": 8
        },
        {
          "location": {
            "x": 1690.4308992765225,
            "y": 411.27374070768644
          },
          "nodeIndex": "Revenue & Ticket Sales",
          "nodeLineageTag": "d139ae57-2798-47ba-9be1-51128e0a8a3f",
          "size": {
            "height": 104,
            "width": 234
          },
          "zIndex": 0
        },
        {
          "location": {
            "x": 2158.4308992765227,
            "y": 499.81587718920139
          },
          "nodeIndex": "Date & Growth Analysis",
          "nodeLineageTag": "efe1bb14-3025-494d-999a-c10a5e764b03",
          "size": {
            "height": 104,
            "width": 234
          },
          "zIndex": 0
        }
      ],
      "name": "All tables",
      "zoomValue": 64,
      "pinKeyFieldsToTop": false,
      "showExtraHeaderInfo": false,
      "hideKeyFieldsWhenCollapsed": false,
      "tablesLocked": false
    }
  ],
  "selectedDiagram": "All tables",
  "defaultDiagram": "All tables"
}