{
  "$schema": "https://developer.microsoft.com/json-schemas/fabric/item/report/definition/page/2.0.0/schema.json",
  "name": "ff0d491ec07dd1dbd3c4",
  "displayName": "Ticket Analysis",
  "displayOption": "FitToPage",
  "height": 720,
  "width": 1500,
  "objects": {
    "displayArea": [
      {
        "properties": {
          "verticalAlignment": {
            "expr": {
              "Literal": {
                "Value": "'Middle'"
              }
            }
          }
        }
      }
    ],
    "outspace": [
      {
        "properties": {
          "color": {
            "solid": {
              "color": {
                "expr": {
                  "Literal": {
                    "Value": "'#F2F2F2'"
                  }
                }
              }
            }
          }
        }
      }
    ]
  }
}