{
  "$schema": "https://developer.microsoft.com/json-schemas/fabric/item/report/definition/visualContainer/2.2.0/schema.json",
  "name": "7414412853ccb70b43a6",
  "position": {
    "x": 693.70336431470082,
    "y": 289.54575206178816,
    "z": 3000,
    "height": 279.89422699306192,
    "width": 279.89422699306192,
    "tabOrder": 3000
  },
  "visual": {
    "visualType": "card",
    "query": {
      "queryState": {
        "Values": {
          "projections": [
            {
              "field": {
                "Measure": {
                  "Expression": {
                    "SourceRef": {
                      "Entity": "Date & Growth Analysis"
                    }
                  },
                  "Property": "Highest Revenue Month Name"
                }
              },
              "queryRef": "Date & Growth Analysis.Highest Revenue Month",
              "nativeQueryRef": "Highest Revenue Month Name"
            }
          ]
        }
      },
      "sortDefinition": {
        "sort": [
          {
            "field": {
              "Measure": {
                "Expression": {
                  "SourceRef": {
                    "Entity": "Date & Growth Analysis"
                  }
                },
                "Property": "Highest Revenue Month Name"
              }
            },
            "direction": "Descending"
          }
        ],
        "isDefaultSort": true
      }
    },
    "drillFilterOtherVisuals": true
  }
}